<?xml version="1.0" encoding="UTF-8"?>
<GenRun Id="impl_1" LaunchPart="xc7a100tcsg324-1" LaunchTime="1696418142">
  <File Type="BITSTR-BMM" Name="INPUT_bd.bmm"/>
  <File Type="OPT-METHODOLOGY-DRC" Name="INPUT_methodology_drc_opted.rpt"/>
  <File Type="INIT-TIMING" Name="INPUT_timing_summary_init.rpt"/>
  <File Type="ROUTE-PWR" Name="INPUT_power_routed.rpt"/>
  <File Type="PA-TCL" Name="INPUT.tcl"/>
  <File Type="OPT-TIMING" Name="INPUT_timing_summary_opted.rpt"/>
  <File Type="OPT-DCP" Name="INPUT_opt.dcp"/>
  <File Type="ROUTE-PWR-SUM" Name="INPUT_power_summary_routed.pb"/>
  <File Type="REPORTS-TCL" Name="INPUT_reports.tcl"/>
  <File Type="OPT-DRC" Name="INPUT_drc_opted.rpt"/>
  <File Type="OPT-HWDEF" Name="INPUT.hwdef"/>
  <File Type="PWROPT-DCP" Name="INPUT_pwropt.dcp"/>
  <File Type="PWROPT-DRC" Name="INPUT_drc_pwropted.rpt"/>
  <File Type="PWROPT-TIMING" Name="INPUT_timing_summary_pwropted.rpt"/>
  <File Type="PLACE-DCP" Name="INPUT_placed.dcp"/>
  <File Type="PLACE-IO" Name="INPUT_io_placed.rpt"/>
  <File Type="PLACE-CLK" Name="INPUT_clock_utilization_placed.rpt"/>
  <File Type="PLACE-UTIL" Name="INPUT_utilization_placed.rpt"/>
  <File Type="PLACE-UTIL-PB" Name="INPUT_utilization_placed.pb"/>
  <File Type="PLACE-CTRL" Name="INPUT_control_sets_placed.rpt"/>
  <File Type="PLACE-SIMILARITY" Name="INPUT_incremental_reuse_placed.rpt"/>
  <File Type="PLACE-PRE-SIMILARITY" Name="INPUT_incremental_reuse_pre_placed.rpt"/>
  <File Type="PLACE-TIMING" Name="INPUT_timing_summary_placed.rpt"/>
  <File Type="POSTPLACE-PWROPT-DCP" Name="INPUT_postplace_pwropt.dcp"/>
  <File Type="BG-BIN" Name="INPUT.bin"/>
  <File Type="POSTPLACE-PWROPT-TIMING" Name="INPUT_timing_summary_postplace_pwropted.rpt"/>
  <File Type="PHYSOPT-DCP" Name="INPUT_physopt.dcp"/>
  <File Type="PHYSOPT-DRC" Name="INPUT_drc_physopted.rpt"/>
  <File Type="BITSTR-MSK" Name="INPUT.msk"/>
  <File Type="PHYSOPT-TIMING" Name="INPUT_timing_summary_physopted.rpt"/>
  <File Type="ROUTE-ERROR-DCP" Name="INPUT_routed_error.dcp"/>
  <File Type="ROUTE-DCP" Name="INPUT_routed.dcp"/>
  <File Type="ROUTE-BLACKBOX-DCP" Name="INPUT_routed_bb.dcp"/>
  <File Type="ROUTE-DRC" Name="INPUT_drc_routed.rpt"/>
  <File Type="ROUTE-DRC-PB" Name="INPUT_drc_routed.pb"/>
  <File Type="ROUTE-DRC-RPX" Name="INPUT_drc_routed.rpx"/>
  <File Type="BITSTR-MMI" Name="INPUT.mmi"/>
  <File Type="ROUTE-METHODOLOGY-DRC" Name="INPUT_methodology_drc_routed.rpt"/>
  <File Type="ROUTE-METHODOLOGY-DRC-RPX" Name="INPUT_methodology_drc_routed.rpx"/>
  <File Type="ROUTE-METHODOLOGY-DRC-PB" Name="INPUT_methodology_drc_routed.pb"/>
  <File Type="ROUTE-PWR-RPX" Name="INPUT_power_routed.rpx"/>
  <File Type="ROUTE-STATUS" Name="INPUT_route_status.rpt"/>
  <File Type="ROUTE-STATUS-PB" Name="INPUT_route_status.pb"/>
  <File Type="ROUTE-TIMINGSUMMARY" Name="INPUT_timing_summary_routed.rpt"/>
  <File Type="ROUTE-TIMING-PB" Name="INPUT_timing_summary_routed.pb"/>
  <File Type="ROUTE-TIMING-RPX" Name="INPUT_timing_summary_routed.rpx"/>
  <File Type="ROUTE-SIMILARITY" Name="INPUT_incremental_reuse_routed.rpt"/>
  <File Type="ROUTE-CLK" Name="INPUT_clock_utilization_routed.rpt"/>
  <File Type="ROUTE-BUS-SKEW" Name="INPUT_bus_skew_routed.rpt"/>
  <File Type="ROUTE-BUS-SKEW-PB" Name="INPUT_bus_skew_routed.pb"/>
  <File Type="ROUTE-BUS-SKEW-RPX" Name="INPUT_bus_skew_routed.rpx"/>
  <File Type="POSTROUTE-PHYSOPT-DCP" Name="INPUT_postroute_physopt.dcp"/>
  <File Type="POSTROUTE-PHYSOPT-BLACKBOX-DCP" Name="INPUT_postroute_physopt_bb.dcp"/>
  <File Type="POSTROUTE-PHYSOPT-TIMING" Name="INPUT_timing_summary_postroute_physopted.rpt"/>
  <File Type="POSTROUTE-PHYSOPT-TIMING-PB" Name="INPUT_timing_summary_postroute_physopted.pb"/>
  <File Type="POSTROUTE-PHYSOPT-TIMING-RPX" Name="INPUT_timing_summary_postroute_physopted.rpx"/>
  <File Type="POSTROUTE-PHYSOPT-BUS-SKEW" Name="INPUT_bus_skew_postroute_physopted.rpt"/>
  <File Type="POSTROUTE-PHYSOPT-BUS-SKEW-PB" Name="INPUT_bus_skew_postroute_physopted.pb"/>
  <File Type="BG-BIT" Name="INPUT.bit"/>
  <File Type="POSTROUTE-PHYSOPT-BUS-SKEW-RPX" Name="INPUT_bus_skew_postroute_physopted.rpx"/>
  <File Type="BITSTR-RBT" Name="INPUT.rbt"/>
  <File Type="BITSTR-NKY" Name="INPUT.nky"/>
  <File Type="PDI-FILE" Name="INPUT.pdi"/>
  <File Type="RCFI_FILE" Name="INPUT.rcfi"/>
  <File Type="CFI_FILE" Name="INPUT.cfi"/>
  <File Type="RNPI_FILE" Name="INPUT.rnpi"/>
  <File Type="NPI_FILE" Name="INPUT.npi"/>
  <File Type="RBD_FILE" Name="INPUT.rbd"/>
  <File Type="BITSTR-LTX" Name="debug_nets.ltx"/>
  <File Type="BITSTR-LTX" Name="INPUT.ltx"/>
  <File Type="BITSTR-SYSDEF" Name="INPUT.sysdef"/>
  <File Type="BG-BGN" Name="INPUT.bgn"/>
  <File Type="BG-DRC" Name="INPUT.drc"/>
  <File Type="RDI-RDI" Name="INPUT.vdi"/>
  <File Type="WBT-USG" Name="usage_statistics_webtalk.html"/>
  <FileSet Name="sources" Type="DesignSrcs" RelSrcDir="$PSRCDIR/sources_1">
    <Filter Type="Srcs"/>
    <File Path="$PSRCDIR/sources_1/new/alu.v">
      <FileInfo>
        <Attr Name="UsedIn" Val="synthesis"/>
        <Attr Name="UsedIn" Val="implementation"/>
        <Attr Name="UsedIn" Val="simulation"/>
      </FileInfo>
    </File>
    <Config>
      <Option Name="DesignMode" Val="RTL"/>
      <Option Name="TopModule" Val="INPUT"/>
      <Option Name="TopAutoSet" Val="TRUE"/>
    </Config>
  </FileSet>
  <FileSet Name="constrs_in" Type="Constrs" RelSrcDir="$PSRCDIR/constrs_1">
    <Filter Type="Constrs"/>
    <File Path="$PSRCDIR/constrs_1/new/impl.xdc">
      <FileInfo>
        <Attr Name="UsedIn" Val="synthesis"/>
        <Attr Name="UsedIn" Val="implementation"/>
      </FileInfo>
    </File>
    <Config>
      <Option Name="ConstrsType" Val="XDC"/>
    </Config>
  </FileSet>
  <FileSet Name="utils" Type="Utils" RelSrcDir="$PSRCDIR/utils_1">
    <Filter Type="Utils"/>
    <Config>
      <Option Name="TopAutoSet" Val="TRUE"/>
    </Config>
  </FileSet>
  <Strategy Version="1" Minor="2">
    <StratHandle Name="Vivado Implementation Defaults" Flow="Vivado Implementation 2020"/>
    <Step Id="init_design"/>
    <Step Id="opt_design"/>
    <Step Id="power_opt_design"/>
    <Step Id="place_design"/>
    <Step Id="post_place_power_opt_design"/>
    <Step Id="phys_opt_design"/>
    <Step Id="route_design"/>
    <Step Id="post_route_phys_opt_design"/>
    <Step Id="write_bitstream"/>
  </Strategy>
</GenRun>
